{
  "best_metric": null,
  "best_model_checkpoint": null,
  "epoch": 2.986666666666667,
  "eval_steps": 50,
  "global_step": 168,
  "is_hyper_param_search": false,
  "is_local_process_zero": true,
  "is_world_process_zero": true,
  "log_history": [
    {
      "epoch": 0.17777777777777778,
      "grad_norm": 3.512007713317871,
      "learning_rate": 5.882352941176471e-06,
      "logits/chosen": -3.2516562938690186,
      "logits/rejected": -3.1553075313568115,
      "logps/chosen": -48.8336067199707,
      "logps/rejected": -49.127410888671875,
      "loss": 0.6827,
      "rewards/accuracies": 0.518750011920929,
      "rewards/chosen": 0.053185977041721344,
      "rewards/margins": 0.021630460396409035,
      "rewards/rejected": 0.03155550733208656,
      "step": 10
    },
    {
      "epoch": 0.35555555555555557,
      "grad_norm": 1.7996152639389038,
      "learning_rate": 9.990263847374976e-06,
      "logits/chosen": -3.2929725646972656,
      "logits/rejected": -3.1752026081085205,
      "logps/chosen": -44.25327682495117,
      "logps/rejected": -47.4721565246582,
      "loss": 0.606,
      "rewards/accuracies": 0.6875,
      "rewards/chosen": 0.4460785388946533,
      "rewards/margins": 0.2153935730457306,
      "rewards/rejected": 0.23068499565124512,
      "step": 20
    },
    {
      "epoch": 0.5333333333333333,
      "grad_norm": 2.756293773651123,
      "learning_rate": 9.81822947967816e-06,
      "logits/chosen": -3.431206464767456,
      "logits/rejected": -3.308126926422119,
      "logps/chosen": -40.222713470458984,
      "logps/rejected": -47.99346160888672,
      "loss": 0.5134,
      "rewards/accuracies": 0.699999988079071,
      "rewards/chosen": 1.0993410348892212,
      "rewards/margins": 0.5839375257492065,
      "rewards/rejected": 0.5154033899307251,
      "step": 30
    },
    {
      "epoch": 0.7111111111111111,
      "grad_norm": 1.4406192302703857,
      "learning_rate": 9.43838522842594e-06,
      "logits/chosen": -3.7990384101867676,
      "logits/rejected": -3.6475067138671875,
      "logps/chosen": -34.47975158691406,
      "logps/rejected": -46.077980041503906,
      "loss": 0.4594,
      "rewards/accuracies": 0.7718750238418579,
      "rewards/chosen": 1.5849134922027588,
      "rewards/margins": 0.9880733489990234,
      "rewards/rejected": 0.5968401432037354,
      "step": 40
    },
    {
      "epoch": 0.8888888888888888,
      "grad_norm": 4.93977165222168,
      "learning_rate": 8.86711374827494e-06,
      "logits/chosen": -4.321846008300781,
      "logits/rejected": -4.172755718231201,
      "logps/chosen": -34.31682205200195,
      "logps/rejected": -49.008243560791016,
      "loss": 0.4529,
      "rewards/accuracies": 0.7437499761581421,
      "rewards/chosen": 1.4179913997650146,
      "rewards/margins": 1.1769771575927734,
      "rewards/rejected": 0.24101419746875763,
      "step": 50
    },
    {
      "epoch": 1.0666666666666667,
      "grad_norm": 1.5507535934448242,
      "learning_rate": 8.129053936203688e-06,
      "logits/chosen": -4.118638038635254,
      "logits/rejected": -3.945894718170166,
      "logps/chosen": -41.20317459106445,
      "logps/rejected": -55.54374313354492,
      "loss": 0.3869,
      "rewards/accuracies": 0.7562500238418579,
      "rewards/chosen": 1.212956190109253,
      "rewards/margins": 1.4414441585540771,
      "rewards/rejected": -0.22848784923553467,
      "step": 60
    },
    {
      "epoch": 1.2444444444444445,
      "grad_norm": 2.711393356323242,
      "learning_rate": 7.2560382576956875e-06,
      "logits/chosen": -5.026513576507568,
      "logits/rejected": -4.7960944175720215,
      "logps/chosen": -41.502662658691406,
      "logps/rejected": -61.50153732299805,
      "loss": 0.3637,
      "rewards/accuracies": 0.8125,
      "rewards/chosen": 0.7792493104934692,
      "rewards/margins": 1.7471420764923096,
      "rewards/rejected": -0.9678927659988403,
      "step": 70
    },
    {
      "epoch": 1.4222222222222223,
      "grad_norm": 5.522106170654297,
      "learning_rate": 6.28571981484123e-06,
      "logits/chosen": -5.354475975036621,
      "logits/rejected": -5.1508073806762695,
      "logps/chosen": -47.34593200683594,
      "logps/rejected": -64.10506439208984,
      "loss": 0.3637,
      "rewards/accuracies": 0.784375011920929,
      "rewards/chosen": 0.4223712086677551,
      "rewards/margins": 1.7216928005218506,
      "rewards/rejected": -1.2993216514587402,
      "step": 80
    },
    {
      "epoch": 1.6,
      "grad_norm": 1.281862735748291,
      "learning_rate": 5.259948370809902e-06,
      "logits/chosen": -5.794827461242676,
      "logits/rejected": -5.591327667236328,
      "logps/chosen": -43.870216369628906,
      "logps/rejected": -64.38575744628906,
      "loss": 0.3597,
      "rewards/accuracies": 0.8062499761581421,
      "rewards/chosen": 0.39817318320274353,
      "rewards/margins": 1.7948400974273682,
      "rewards/rejected": -1.3966667652130127,
      "step": 90
    },
    {
      "epoch": 1.7777777777777777,
      "grad_norm": 2.855891227722168,
      "learning_rate": 4.2229653726389765e-06,
      "logits/chosen": -5.875179767608643,
      "logits/rejected": -5.696228504180908,
      "logps/chosen": -48.1384162902832,
      "logps/rejected": -65.30823516845703,
      "loss": 0.3888,
      "rewards/accuracies": 0.753125011920929,
      "rewards/chosen": 0.14773206412792206,
      "rewards/margins": 1.6415224075317383,
      "rewards/rejected": -1.4937903881072998,
      "step": 100
    },
    {
      "epoch": 1.9555555555555557,
      "grad_norm": 1.5150933265686035,
      "learning_rate": 3.2194958208722656e-06,
      "logits/chosen": -6.104814529418945,
      "logits/rejected": -5.88026237487793,
      "logps/chosen": -47.176185607910156,
      "logps/rejected": -69.33079528808594,
      "loss": 0.3394,
      "rewards/accuracies": 0.8062499761581421,
      "rewards/chosen": 0.06755430996417999,
      "rewards/margins": 1.921921968460083,
      "rewards/rejected": -1.8543676137924194,
      "step": 110
    },
    {
      "epoch": 2.1333333333333333,
      "grad_norm": 2.689229965209961,
      "learning_rate": 2.2928192835717642e-06,
      "logits/chosen": -6.015926361083984,
      "logits/rejected": -5.785181999206543,
      "logps/chosen": -49.798099517822266,
      "logps/rejected": -71.73920440673828,
      "loss": 0.335,
      "rewards/accuracies": 0.7875000238418579,
      "rewards/chosen": 0.11275005340576172,
      "rewards/margins": 1.988821268081665,
      "rewards/rejected": -1.8760712146759033,
      "step": 120
    },
    {
      "epoch": 2.311111111111111,
      "grad_norm": 2.2573132514953613,
      "learning_rate": 1.482903251726049e-06,
      "logits/chosen": -6.249913215637207,
      "logits/rejected": -6.046269416809082,
      "logps/chosen": -52.25639724731445,
      "logps/rejected": -73.34065246582031,
      "loss": 0.3258,
      "rewards/accuracies": 0.800000011920929,
      "rewards/chosen": -0.0954110249876976,
      "rewards/margins": 1.882244348526001,
      "rewards/rejected": -1.9776551723480225,
      "step": 130
    },
    {
      "epoch": 2.488888888888889,
      "grad_norm": 2.254521608352661,
      "learning_rate": 8.246793442995954e-07,
      "logits/chosen": -6.367974758148193,
      "logits/rejected": -6.154814720153809,
      "logps/chosen": -51.13312530517578,
      "logps/rejected": -72.02230072021484,
      "loss": 0.335,
      "rewards/accuracies": 0.800000011920929,
      "rewards/chosen": -0.1905263364315033,
      "rewards/margins": 1.972831130027771,
      "rewards/rejected": -2.1633574962615967,
      "step": 140
    },
    {
      "epoch": 2.6666666666666665,
      "grad_norm": 2.591418504714966,
      "learning_rate": 3.4653671007259084e-07,
      "logits/chosen": -6.213962554931641,
      "logits/rejected": -6.0186614990234375,
      "logps/chosen": -52.2791748046875,
      "logps/rejected": -71.31275177001953,
      "loss": 0.3232,
      "rewards/accuracies": 0.8125,
      "rewards/chosen": -0.22532503306865692,
      "rewards/margins": 1.9052448272705078,
      "rewards/rejected": -2.1305696964263916,
      "step": 150
    },
    {
      "epoch": 2.8444444444444446,
      "grad_norm": 2.629692792892456,
      "learning_rate": 6.909760573925561e-08,
      "logits/chosen": -6.289551734924316,
      "logits/rejected": -6.015321254730225,
      "logps/chosen": -51.892234802246094,
      "logps/rejected": -77.8298568725586,
      "loss": 0.3005,
      "rewards/accuracies": 0.824999988079071,
      "rewards/chosen": -0.15076211094856262,
      "rewards/margins": 2.335948944091797,
      "rewards/rejected": -2.486711263656616,
      "step": 160
    }
  ],
  "logging_steps": 10,
  "max_steps": 168,
  "num_input_tokens_seen": 0,
  "num_train_epochs": 3,
  "save_steps": 50,
  "stateful_callbacks": {
    "TrainerControl": {
      "args": {
        "should_epoch_stop": false,
        "should_evaluate": false,
        "should_log": false,
        "should_save": true,
        "should_training_stop": true
      },
      "attributes": {}
    }
  },
  "total_flos": 0.0,
  "train_batch_size": 1,
  "trial_name": null,
  "trial_params": null
}
