{
  "best_metric": null,
  "best_model_checkpoint": null,
  "epoch": 2.986666666666667,
  "eval_steps": 50,
  "global_step": 168,
  "is_hyper_param_search": false,
  "is_local_process_zero": true,
  "is_world_process_zero": true,
  "log_history": [
    {
      "epoch": 0.17777777777777778,
      "grad_norm": 12.03049373626709,
      "learning_rate": 5.882352941176471e-06,
      "logits/chosen": -4.182936668395996,
      "logits/rejected": -4.310938358306885,
      "logps/chosen": -34.42249298095703,
      "logps/rejected": -54.678550720214844,
      "loss": 0.6665,
      "rewards/accuracies": 0.675000011920929,
      "rewards/chosen": 0.04459085315465927,
      "rewards/margins": 0.05575026199221611,
      "rewards/rejected": -0.011159410700201988,
      "step": 10
    },
    {
      "epoch": 0.35555555555555557,
      "grad_norm": 1.9867397546768188,
      "learning_rate": 9.990263847374976e-06,
      "logits/chosen": -4.380345344543457,
      "logits/rejected": -4.422534942626953,
      "logps/chosen": -30.876251220703125,
      "logps/rejected": -57.4903564453125,
      "loss": 0.5205,
      "rewards/accuracies": 0.8687499761581421,
      "rewards/chosen": 0.3418954312801361,
      "rewards/margins": 0.42946749925613403,
      "rewards/rejected": -0.08757209032773972,
      "step": 20
    },
    {
      "epoch": 0.5333333333333333,
      "grad_norm": 1.410145878791809,
      "learning_rate": 9.81822947967816e-06,
      "logits/chosen": -4.701488494873047,
      "logits/rejected": -4.747085094451904,
      "logps/chosen": -24.723125457763672,
      "logps/rejected": -56.59381103515625,
      "loss": 0.3741,
      "rewards/accuracies": 0.831250011920929,
      "rewards/chosen": 0.7662041783332825,
      "rewards/margins": 1.102796196937561,
      "rewards/rejected": -0.3365919291973114,
      "step": 30
    },
    {
      "epoch": 0.7111111111111111,
      "grad_norm": 0.738680899143219,
      "learning_rate": 9.43838522842594e-06,
      "logits/chosen": -4.893309116363525,
      "logits/rejected": -4.9142560958862305,
      "logps/chosen": -24.703126907348633,
      "logps/rejected": -66.57337951660156,
      "loss": 0.2596,
      "rewards/accuracies": 0.8687499761581421,
      "rewards/chosen": 1.120304822921753,
      "rewards/margins": 2.0947606563568115,
      "rewards/rejected": -0.9744560122489929,
      "step": 40
    },
    {
      "epoch": 0.8888888888888888,
      "grad_norm": 1.2040858268737793,
      "learning_rate": 8.86711374827494e-06,
      "logits/chosen": -5.523868560791016,
      "logits/rejected": -5.528039932250977,
      "logps/chosen": -20.581584930419922,
      "logps/rejected": -66.43717956542969,
      "loss": 0.239,
      "rewards/accuracies": 0.871874988079071,
      "rewards/chosen": 1.3328349590301514,
      "rewards/margins": 2.9378128051757812,
      "rewards/rejected": -1.6049778461456299,
      "step": 50
    },
    {
      "epoch": 1.0666666666666667,
      "grad_norm": 1.3271970748901367,
      "learning_rate": 8.129053936203688e-06,
      "logits/chosen": -5.77628755569458,
      "logits/rejected": -5.774320125579834,
      "logps/chosen": -20.942142486572266,
      "logps/rejected": -76.70305633544922,
      "loss": 0.1885,
      "rewards/accuracies": 0.903124988079071,
      "rewards/chosen": 1.4027373790740967,
      "rewards/margins": 3.5688297748565674,
      "rewards/rejected": -2.1660923957824707,
      "step": 60
    },
    {
      "epoch": 1.2444444444444445,
      "grad_norm": 0.7513858675956726,
      "learning_rate": 7.2560382576956875e-06,
      "logits/chosen": -6.19551944732666,
      "logits/rejected": -6.124570369720459,
      "logps/chosen": -20.42471694946289,
      "logps/rejected": -82.65390014648438,
      "loss": 0.1954,
      "rewards/accuracies": 0.9312499761581421,
      "rewards/chosen": 1.245066523551941,
      "rewards/margins": 3.968820095062256,
      "rewards/rejected": -2.7237539291381836,
      "step": 70
    },
    {
      "epoch": 1.4222222222222223,
      "grad_norm": 1.0936371088027954,
      "learning_rate": 6.28571981484123e-06,
      "logits/chosen": -6.236268043518066,
      "logits/rejected": -6.293252944946289,
      "logps/chosen": -21.425678253173828,
      "logps/rejected": -77.42056274414062,
      "loss": 0.1784,
      "rewards/accuracies": 0.9156249761581421,
      "rewards/chosen": 1.2664353847503662,
      "rewards/margins": 4.000688076019287,
      "rewards/rejected": -2.734252452850342,
      "step": 80
    },
    {
      "epoch": 1.6,
      "grad_norm": 1.824512004852295,
      "learning_rate": 5.259948370809902e-06,
      "logits/chosen": -6.528998374938965,
      "logits/rejected": -6.4695725440979,
      "logps/chosen": -21.874431610107422,
      "logps/rejected": -87.2193832397461,
      "loss": 0.1871,
      "rewards/accuracies": 0.903124988079071,
      "rewards/chosen": 1.0649365186691284,
      "rewards/margins": 4.155677318572998,
      "rewards/rejected": -3.09074068069458,
      "step": 90
    },
    {
      "epoch": 1.7777777777777777,
      "grad_norm": 1.9795643091201782,
      "learning_rate": 4.2229653726389765e-06,
      "logits/chosen": -6.301939010620117,
      "logits/rejected": -6.2283616065979,
      "logps/chosen": -26.785808563232422,
      "logps/rejected": -89.17572784423828,
      "loss": 0.1801,
      "rewards/accuracies": 0.9156249761581421,
      "rewards/chosen": 1.065706491470337,
      "rewards/margins": 4.097231864929199,
      "rewards/rejected": -3.0315253734588623,
      "step": 100
    },
    {
      "epoch": 1.9555555555555557,
      "grad_norm": 1.3646395206451416,
      "learning_rate": 3.2194958208722656e-06,
      "logits/chosen": -6.5365400314331055,
      "logits/rejected": -6.487754821777344,
      "logps/chosen": -24.914384841918945,
      "logps/rejected": -86.95036315917969,
      "loss": 0.1648,
      "rewards/accuracies": 0.9156249761581421,
      "rewards/chosen": 0.9832397699356079,
      "rewards/margins": 4.222866058349609,
      "rewards/rejected": -3.239626407623291,
      "step": 110
    },
    {
      "epoch": 2.1333333333333333,
      "grad_norm": 0.8230241537094116,
      "learning_rate": 2.2928192835717642e-06,
      "logits/chosen": -6.847520351409912,
      "logits/rejected": -6.807766914367676,
      "logps/chosen": -22.817541122436523,
      "logps/rejected": -87.30400848388672,
      "loss": 0.1669,
      "rewards/accuracies": 0.9156249761581421,
      "rewards/chosen": 0.9041208028793335,
      "rewards/margins": 4.372420787811279,
      "rewards/rejected": -3.4683003425598145,
      "step": 120
    },
    {
      "epoch": 2.311111111111111,
      "grad_norm": 1.6305553913116455,
      "learning_rate": 1.482903251726049e-06,
      "logits/chosen": -6.761412143707275,
      "logits/rejected": -6.667874813079834,
      "logps/chosen": -26.818191528320312,
      "logps/rejected": -92.2547836303711,
      "loss": 0.1552,
      "rewards/accuracies": 0.9125000238418579,
      "rewards/chosen": 0.8539384603500366,
      "rewards/margins": 4.390125274658203,
      "rewards/rejected": -3.536186695098877,
      "step": 130
    },
    {
      "epoch": 2.488888888888889,
      "grad_norm": 1.4948207139968872,
      "learning_rate": 8.246793442995954e-07,
      "logits/chosen": -6.912416934967041,
      "logits/rejected": -6.81393575668335,
      "logps/chosen": -25.928442001342773,
      "logps/rejected": -88.93251037597656,
      "loss": 0.1597,
      "rewards/accuracies": 0.925000011920929,
      "rewards/chosen": 0.7906862497329712,
      "rewards/margins": 4.472127437591553,
      "rewards/rejected": -3.68144154548645,
      "step": 140
    },
    {
      "epoch": 2.6666666666666665,
      "grad_norm": 1.1741989850997925,
      "learning_rate": 3.4653671007259084e-07,
      "logits/chosen": -6.94372034072876,
      "logits/rejected": -6.834813117980957,
      "logps/chosen": -27.250076293945312,
      "logps/rejected": -95.5539321899414,
      "loss": 0.1397,
      "rewards/accuracies": 0.918749988079071,
      "rewards/chosen": 0.7721626162528992,
      "rewards/margins": 4.829357147216797,
      "rewards/rejected": -4.057194709777832,
      "step": 150
    },
    {
      "epoch": 2.8444444444444446,
      "grad_norm": 0.9863795638084412,
      "learning_rate": 6.909760573925561e-08,
      "logits/chosen": -6.517995357513428,
      "logits/rejected": -6.445610046386719,
      "logps/chosen": -29.46408462524414,
      "logps/rejected": -97.49832153320312,
      "loss": 0.1618,
      "rewards/accuracies": 0.918749988079071,
      "rewards/chosen": 0.8390353918075562,
      "rewards/margins": 4.5564866065979,
      "rewards/rejected": -3.7174506187438965,
      "step": 160
    }
  ],
  "logging_steps": 10,
  "max_steps": 168,
  "num_input_tokens_seen": 0,
  "num_train_epochs": 3,
  "save_steps": 50,
  "stateful_callbacks": {
    "TrainerControl": {
      "args": {
        "should_epoch_stop": false,
        "should_evaluate": false,
        "should_log": false,
        "should_save": true,
        "should_training_stop": true
      },
      "attributes": {}
    }
  },
  "total_flos": 0.0,
  "train_batch_size": 1,
  "trial_name": null,
  "trial_params": null
}
