{
    "hop_num": "1",
    "total_samples_evaluated": 91,
    "average_recall": 0.2847985347985348,
    "mean_average_precision": 0.2847985347985348,
    "average_f1_score": 0.2847985347985348,
    "average_tp": 0.6483516483516484,
    "average_fp": 0.3516483516483517,
    "average_fn": 1.7802197802197801
}{
    "hop_num": "2",
    "total_samples_evaluated": 415,
    "average_recall": 0.7265863453815262,
    "mean_average_precision": 0.7150401606425703,
    "average_f1_score": 0.7150066934404282,
    "average_tp": 1.5951807228915662,
    "average_fp": 0.38072289156626504,
    "average_fn": 0.744578313253012
}{
    "hop_num": "3",
    "total_samples_evaluated": 129,
    "average_recall": 0.5071059431524548,
    "mean_average_precision": 0.49677002583979346,
    "average_f1_score": 0.4770215572541156,
    "average_tp": 1.1627906976744187,
    "average_fp": 1.627906976744186,
    "average_fn": 1.248062015503876
}{
    "hop_num": "4",
    "total_samples_evaluated": 101,
    "average_recall": 0.5264026402640263,
    "mean_average_precision": 0.5797167216721673,
    "average_f1_score": 0.506301352984561,
    "average_tp": 1.2277227722772277,
    "average_fp": 2.3564356435643563,
    "average_fn": 1.2475247524752475
}{
    "hop_num": "5",
    "total_samples_evaluated": 75,
    "average_recall": 0.3749206349206349,
    "mean_average_precision": 0.4100370370370371,
    "average_f1_score": 0.3613787160976121,
    "average_tp": 0.8,
    "average_fp": 3.933333333333333,
    "average_fn": 1.5333333333333334
}{
    "hop_num": "6",
    "total_samples_evaluated": 50,
    "average_recall": 0.2866666666666666,
    "mean_average_precision": 0.3938333333333333,
    "average_f1_score": 0.30000543145520114,
    "average_tp": 0.62,
    "average_fp": 4.96,
    "average_fn": 1.72
}{
    "hop_num": "7",
    "total_samples_evaluated": 34,
    "average_recall": 0.20098039215686272,
    "mean_average_precision": 0.27030812324929976,
    "average_f1_score": 0.22022319566124324,
    "average_tp": 0.5,
    "average_fp": 6.352941176470588,
    "average_fn": 2.1470588235294117
}