{
    "hop_num": "1",
    "total_samples_evaluated": 337,
    "average_recall": 0.33219584569732913,
    "mean_average_precision": 0.33219584569732913,
    "average_f1_score": 0.33219584569732913,
    "average_tp": 0.7388724035608308,
    "average_fp": 0.26112759643916916,
    "average_fn": 1.629080118694362
}{
    "hop_num": "2",
    "total_samples_evaluated": 247,
    "average_recall": 0.5087719298245614,
    "mean_average_precision": 0.5026990553306344,
    "average_f1_score": 0.4925775978407558,
    "average_tp": 1.1012145748987854,
    "average_fp": 0.8218623481781376,
    "average_fn": 1.1781376518218623
}{
    "hop_num": "3",
    "total_samples_evaluated": 71,
    "average_recall": 0.22300469483568078,
    "mean_average_precision": 0.1903364632237871,
    "average_f1_score": 0.18569670589685414,
    "average_tp": 0.5070422535211268,
    "average_fp": 2.3943661971830985,
    "average_fn": 1.9859154929577465
}{
    "hop_num": "4",
    "total_samples_evaluated": 25,
    "average_recall": 0.06,
    "mean_average_precision": 0.085,
    "average_f1_score": 0.06361904761904762,
    "average_tp": 0.12,
    "average_fp": 3.8,
    "average_fn": 2.28
}{
    "hop_num": "5",
    "total_samples_evaluated": 9,
    "average_recall": 0.05555555555555555,
    "mean_average_precision": 0.1111111111111111,
    "average_f1_score": 0.07407407407407407,
    "average_tp": 0.1111111111111111,
    "average_fp": 4.777777777777778,
    "average_fn": 2.2222222222222223
}{
    "hop_num": "6",
    "total_samples_evaluated": 2,
    "average_recall": 0.16666666666666666,
    "mean_average_precision": 0.16666666666666666,
    "average_f1_score": 0.16666666666666666,
    "average_tp": 0.5,
    "average_fp": 5.5,
    "average_fn": 2.0
}{
    "hop_num": "7",
    "total_samples_evaluated": 1,
    "average_recall": 0.0,
    "mean_average_precision": 0.0,
    "average_f1_score": 0.0,
    "average_tp": 0.0,
    "average_fp": 7.0,
    "average_fn": 2.0
}