{
    "hop_num": "1",
    "total_samples_evaluated": 86,
    "average_recall": 0.2461240310077519,
    "mean_average_precision": 0.2461240310077519,
    "average_f1_score": 0.2461240310077519,
    "average_tp": 0.5697674418604651,
    "average_fp": 0.43023255813953487,
    "average_fn": 1.8488372093023255
}{
    "hop_num": "2",
    "total_samples_evaluated": 441,
    "average_recall": 0.732048374905518,
    "mean_average_precision": 0.7192932728647018,
    "average_f1_score": 0.7198916603678511,
    "average_tp": 1.600907029478458,
    "average_fp": 0.3764172335600907,
    "average_fn": 0.7006802721088435
}{
    "hop_num": "3",
    "total_samples_evaluated": 108,
    "average_recall": 0.4979938271604938,
    "mean_average_precision": 0.4356224279835393,
    "average_f1_score": 0.43902511961722496,
    "average_tp": 1.1574074074074074,
    "average_fp": 1.712962962962963,
    "average_fn": 1.3611111111111112
}{
    "hop_num": "4",
    "total_samples_evaluated": 67,
    "average_recall": 0.5624378109452738,
    "mean_average_precision": 0.6315505804311775,
    "average_f1_score": 0.5473160497197068,
    "average_tp": 1.2835820895522387,
    "average_fp": 2.2686567164179103,
    "average_fn": 1.0597014925373134
}{
    "hop_num": "5",
    "total_samples_evaluated": 63,
    "average_recall": 0.3941798941798942,
    "mean_average_precision": 0.523478835978836,
    "average_f1_score": 0.4010222463506633,
    "average_tp": 0.9206349206349206,
    "average_fp": 3.5396825396825395,
    "average_fn": 1.4761904761904763
}{
    "hop_num": "6",
    "total_samples_evaluated": 69,
    "average_recall": 0.32946859903381637,
    "mean_average_precision": 0.40652173913043477,
    "average_f1_score": 0.32585952677261965,
    "average_tp": 0.7391304347826086,
    "average_fp": 4.855072463768116,
    "average_fn": 1.7391304347826086
}{
    "hop_num": "7",
    "total_samples_evaluated": 68,
    "average_recall": 0.267156862745098,
    "mean_average_precision": 0.35608368347338937,
    "average_f1_score": 0.2854476883255575,
    "average_tp": 0.6617647058823529,
    "average_fp": 5.9411764705882355,
    "average_fn": 1.9264705882352942
}