{
  "best_metric": null,
  "best_model_checkpoint": null,
  "epoch": 2.9713245334547107,
  "eval_steps": 50,
  "global_step": 204,
  "is_hyper_param_search": false,
  "is_local_process_zero": true,
  "is_world_process_zero": true,
  "log_history": [
    {
      "epoch": 0.14565316340464268,
      "grad_norm": 3.8764610290527344,
      "learning_rate": 5.882352941176471e-06,
      "logits/chosen": -5.71334981918335,
      "logits/rejected": -5.7395453453063965,
      "logps/chosen": -14.211210250854492,
      "logps/rejected": -69.47651672363281,
      "loss": 0.6738,
      "rewards/accuracies": 0.734375,
      "rewards/chosen": 0.03439205884933472,
      "rewards/margins": 0.040383290499448776,
      "rewards/rejected": -0.0059912316501140594,
      "step": 10
    },
    {
      "epoch": 0.29130632680928537,
      "grad_norm": 2.9163296222686768,
      "learning_rate": 9.993650973826177e-06,
      "logits/chosen": -5.759886741638184,
      "logits/rejected": -5.769762992858887,
      "logps/chosen": -11.60854434967041,
      "logps/rejected": -80.52311706542969,
      "loss": 0.5283,
      "rewards/accuracies": 0.96875,
      "rewards/chosen": 0.26255351305007935,
      "rewards/margins": 0.37657156586647034,
      "rewards/rejected": -0.11401806771755219,
      "step": 20
    },
    {
      "epoch": 0.4369594902139281,
      "grad_norm": 2.0294060707092285,
      "learning_rate": 9.881227390425404e-06,
      "logits/chosen": -6.036780834197998,
      "logits/rejected": -6.045182228088379,
      "logps/chosen": -7.590920925140381,
      "logps/rejected": -76.8192138671875,
      "loss": 0.3177,
      "rewards/accuracies": 0.987500011920929,
      "rewards/chosen": 0.6361120343208313,
      "rewards/margins": 1.0433112382888794,
      "rewards/rejected": -0.40719905495643616,
      "step": 30
    },
    {
      "epoch": 0.5826126536185707,
      "grad_norm": 0.9089552164077759,
      "learning_rate": 9.631360411532609e-06,
      "logits/chosen": -6.2692108154296875,
      "logits/rejected": -6.281878471374512,
      "logps/chosen": -4.342430591583252,
      "logps/rejected": -89.4297866821289,
      "loss": 0.1396,
      "rewards/accuracies": 0.987500011920929,
      "rewards/chosen": 0.9632039070129395,
      "rewards/margins": 2.079087495803833,
      "rewards/rejected": -1.1158835887908936,
      "step": 40
    },
    {
      "epoch": 0.7282658170232135,
      "grad_norm": 0.28938472270965576,
      "learning_rate": 9.251085678648072e-06,
      "logits/chosen": -6.78338098526001,
      "logits/rejected": -6.740109920501709,
      "logps/chosen": -4.28173828125,
      "logps/rejected": -96.00639343261719,
      "loss": 0.0567,
      "rewards/accuracies": 0.987500011920929,
      "rewards/chosen": 1.0106747150421143,
      "rewards/margins": 3.3303215503692627,
      "rewards/rejected": -2.3196470737457275,
      "step": 50
    },
    {
      "epoch": 0.8739189804278562,
      "grad_norm": 0.14111797511577606,
      "learning_rate": 8.751110795889966e-06,
      "logits/chosen": -7.3190765380859375,
      "logits/rejected": -7.266517639160156,
      "logps/chosen": -3.0564327239990234,
      "logps/rejected": -110.50433349609375,
      "loss": 0.0345,
      "rewards/accuracies": 0.981249988079071,
      "rewards/chosen": 1.0717353820800781,
      "rewards/margins": 4.535099029541016,
      "rewards/rejected": -3.4633636474609375,
      "step": 60
    },
    {
      "epoch": 1.019572143832499,
      "grad_norm": 0.17804351449012756,
      "learning_rate": 8.145513830115367e-06,
      "logits/chosen": -7.59185791015625,
      "logits/rejected": -7.558254241943359,
      "logps/chosen": -5.026941776275635,
      "logps/rejected": -111.2185287475586,
      "loss": 0.0287,
      "rewards/accuracies": 0.9937499761581421,
      "rewards/chosen": 0.9543498158454895,
      "rewards/margins": 5.037476062774658,
      "rewards/rejected": -4.083126068115234,
      "step": 70
    },
    {
      "epoch": 1.1652253072371415,
      "grad_norm": 0.23101238906383514,
      "learning_rate": 7.451346907074245e-06,
      "logits/chosen": -7.755743503570557,
      "logits/rejected": -7.685816764831543,
      "logps/chosen": -5.577872276306152,
      "logps/rejected": -124.85249328613281,
      "loss": 0.0237,
      "rewards/accuracies": 0.9906250238418579,
      "rewards/chosen": 0.9330638647079468,
      "rewards/margins": 5.495751857757568,
      "rewards/rejected": -4.562687873840332,
      "step": 80
    },
    {
      "epoch": 1.3108784706417842,
      "grad_norm": 0.1556006222963333,
      "learning_rate": 6.688156065356845e-06,
      "logits/chosen": -7.978050231933594,
      "logits/rejected": -7.920896053314209,
      "logps/chosen": -4.923467636108398,
      "logps/rejected": -122.12385559082031,
      "loss": 0.0157,
      "rewards/accuracies": 0.9906250238418579,
      "rewards/chosen": 0.9057973027229309,
      "rewards/margins": 5.84432315826416,
      "rewards/rejected": -4.938526153564453,
      "step": 90
    },
    {
      "epoch": 1.456531634046427,
      "grad_norm": 0.7095282077789307,
      "learning_rate": 5.877430887870081e-06,
      "logits/chosen": -8.160784721374512,
      "logits/rejected": -8.040820121765137,
      "logps/chosen": -3.956404209136963,
      "logps/rejected": -123.5831298828125,
      "loss": 0.0149,
      "rewards/accuracies": 0.9906250238418579,
      "rewards/chosen": 0.9806004762649536,
      "rewards/margins": 6.130423545837402,
      "rewards/rejected": -5.14982271194458,
      "step": 100
    },
    {
      "epoch": 1.6021847974510697,
      "grad_norm": 1.182224988937378,
      "learning_rate": 5.041999407871168e-06,
      "logits/chosen": -8.192634582519531,
      "logits/rejected": -8.088946342468262,
      "logps/chosen": -4.5849127769470215,
      "logps/rejected": -126.23185729980469,
      "loss": 0.0302,
      "rewards/accuracies": 0.984375,
      "rewards/chosen": 1.0034953355789185,
      "rewards/margins": 6.176469802856445,
      "rewards/rejected": -5.172975063323975,
      "step": 110
    },
    {
      "epoch": 1.7478379608557124,
      "grad_norm": 0.5266461968421936,
      "learning_rate": 4.205385327521002e-06,
      "logits/chosen": -8.302022933959961,
      "logits/rejected": -8.199285507202148,
      "logps/chosen": -5.368350982666016,
      "logps/rejected": -120.97579193115234,
      "loss": 0.029,
      "rewards/accuracies": 0.9937499761581421,
      "rewards/chosen": 0.8702341318130493,
      "rewards/margins": 6.095631122589111,
      "rewards/rejected": -5.225396156311035,
      "step": 120
    },
    {
      "epoch": 1.893491124260355,
      "grad_norm": 0.42038458585739136,
      "learning_rate": 3.3911456481068613e-06,
      "logits/chosen": -8.380468368530273,
      "logits/rejected": -8.270655632019043,
      "logps/chosen": -7.294091701507568,
      "logps/rejected": -133.4106903076172,
      "loss": 0.0182,
      "rewards/accuracies": 0.9937499761581421,
      "rewards/chosen": 0.6872694492340088,
      "rewards/margins": 6.3172197341918945,
      "rewards/rejected": -5.629950523376465,
      "step": 130
    },
    {
      "epoch": 2.039144287664998,
      "grad_norm": 0.19400082528591156,
      "learning_rate": 2.6222073626433587e-06,
      "logits/chosen": -8.42591381072998,
      "logits/rejected": -8.343159675598145,
      "logps/chosen": -6.141793251037598,
      "logps/rejected": -131.7964630126953,
      "loss": 0.0155,
      "rewards/accuracies": 0.9937499761581421,
      "rewards/chosen": 0.7646234035491943,
      "rewards/margins": 6.579076290130615,
      "rewards/rejected": -5.814452648162842,
      "step": 140
    },
    {
      "epoch": 2.1847974510696404,
      "grad_norm": 0.07207313179969788,
      "learning_rate": 1.9202218879616824e-06,
      "logits/chosen": -8.472269058227539,
      "logits/rejected": -8.334134101867676,
      "logps/chosen": -6.442959785461426,
      "logps/rejected": -128.597412109375,
      "loss": 0.0208,
      "rewards/accuracies": 0.984375,
      "rewards/chosen": 0.8046887516975403,
      "rewards/margins": 6.4822282791137695,
      "rewards/rejected": -5.677539348602295,
      "step": 150
    },
    {
      "epoch": 2.330450614474283,
      "grad_norm": 0.19251753389835358,
      "learning_rate": 1.3049554138967052e-06,
      "logits/chosen": -8.45699405670166,
      "logits/rejected": -8.354730606079102,
      "logps/chosen": -5.680661201477051,
      "logps/rejected": -136.93687438964844,
      "loss": 0.0117,
      "rewards/accuracies": 0.9937499761581421,
      "rewards/chosen": 0.8524476289749146,
      "rewards/margins": 6.752436637878418,
      "rewards/rejected": -5.899989128112793,
      "step": 160
    },
    {
      "epoch": 2.476103777878926,
      "grad_norm": 0.5473841428756714,
      "learning_rate": 7.937323358440935e-07,
      "logits/chosen": -8.565925598144531,
      "logits/rejected": -8.42641830444336,
      "logps/chosen": -5.26351261138916,
      "logps/rejected": -130.92636108398438,
      "loss": 0.0273,
      "rewards/accuracies": 0.981249988079071,
      "rewards/chosen": 0.8628507852554321,
      "rewards/margins": 6.573456764221191,
      "rewards/rejected": -5.710606098175049,
      "step": 170
    },
    {
      "epoch": 2.6217569412835684,
      "grad_norm": 0.16233932971954346,
      "learning_rate": 4.009474422620269e-07,
      "logits/chosen": -8.539529800415039,
      "logits/rejected": -8.425298690795898,
      "logps/chosen": -5.582468509674072,
      "logps/rejected": -127.01470947265625,
      "loss": 0.0144,
      "rewards/accuracies": 0.9937499761581421,
      "rewards/chosen": 0.8797668218612671,
      "rewards/margins": 6.691731929779053,
      "rewards/rejected": -5.811964988708496,
      "step": 180
    },
    {
      "epoch": 2.7674101046882114,
      "grad_norm": 0.5979347825050354,
      "learning_rate": 1.376605927214364e-07,
      "logits/chosen": -8.51872444152832,
      "logits/rejected": -8.405010223388672,
      "logps/chosen": -6.103550910949707,
      "logps/rejected": -134.7360076904297,
      "loss": 0.0184,
      "rewards/accuracies": 0.9937499761581421,
      "rewards/chosen": 0.8233237266540527,
      "rewards/margins": 6.746531009674072,
      "rewards/rejected": -5.9232072830200195,
      "step": 190
    },
    {
      "epoch": 2.913063268092854,
      "grad_norm": 0.20453140139579773,
      "learning_rate": 1.1285299377118974e-08,
      "logits/chosen": -8.590677261352539,
      "logits/rejected": -8.478362083435059,
      "logps/chosen": -5.4027814865112305,
      "logps/rejected": -142.4737548828125,
      "loss": 0.0134,
      "rewards/accuracies": 0.9937499761581421,
      "rewards/chosen": 0.8810495138168335,
      "rewards/margins": 6.9352216720581055,
      "rewards/rejected": -6.054173469543457,
      "step": 200
    }
  ],
  "logging_steps": 10,
  "max_steps": 204,
  "num_input_tokens_seen": 0,
  "num_train_epochs": 3,
  "save_steps": 50,
  "stateful_callbacks": {
    "TrainerControl": {
      "args": {
        "should_epoch_stop": false,
        "should_evaluate": false,
        "should_log": false,
        "should_save": true,
        "should_training_stop": true
      },
      "attributes": {}
    }
  },
  "total_flos": 0.0,
  "train_batch_size": 1,
  "trial_name": null,
  "trial_params": null
}
